{
  "test_accuracy": 0.43184449958643506,
  "per_class_metrics": {
    "A": {
      "precision": 0.5224550898203593,
      "recall": 0.41646778042959426,
      "f1-score": 0.4634794156706507,
      "support": 838.0
    },
    "B": {
      "precision": 0.2233948988566403,
      "recall": 0.910394265232975,
      "f1-score": 0.3587570621468927,
      "support": 837.0
    },
    "C": {
      "precision": 0.9464831804281345,
      "recall": 0.736904761904762,
      "f1-score": 0.8286479250334672,
      "support": 840.0
    },
    "D": {
      "precision": 0.6907426246185148,
      "recall": 0.8141486810551559,
      "f1-score": 0.7473858007705009,
      "support": 834.0
    },
    "E": {
      "precision": 0.7572383073496659,
      "recall": 0.40816326530612246,
      "f1-score": 0.5304212168486739,
      "support": 833.0
    },
    "F": {
      "precision": 0.9038961038961039,
      "recall": 0.8405797101449275,
      "f1-score": 0.8710888610763454,
      "support": 828.0
    },
    "G": {
      "precision": 0.5773026315789473,
      "recall": 0.42391304347826086,
      "f1-score": 0.48885793871866295,
      "support": 828.0
    },
    "H": {
      "precision": 0.6963123644251626,
      "recall": 0.383054892601432,
      "f1-score": 0.4942263279445728,
      "support": 838.0
    },
    "I": {
      "precision": 0.5336617405582923,
      "recall": 0.3934624697336562,
      "f1-score": 0.4529616724738676,
      "support": 826.0
    },
    "J": {
      "precision": 0.37885985748218526,
      "recall": 0.37841043890865955,
      "f1-score": 0.37863501483679524,
      "support": 843.0
    },
    "K": {
      "precision": 0.32298136645962733,
      "recall": 0.6825775656324582,
      "f1-score": 0.43848217707934073,
      "support": 838.0
    },
    "L": {
      "precision": 0.38772077375946173,
      "recall": 0.553421368547419,
      "f1-score": 0.4559841740850643,
      "support": 833.0
    },
    "M": {
      "precision": 0.5141955835962145,
      "recall": 0.19685990338164253,
      "f1-score": 0.2847161572052402,
      "support": 828.0
    },
    "N": {
      "precision": 0.7727272727272727,
      "recall": 0.288135593220339,
      "f1-score": 0.41975308641975306,
      "support": 826.0
    },
    "O": {
      "precision": 0.7185185185185186,
      "recall": 0.46522781774580335,
      "f1-score": 0.5647743813682679,
      "support": 834.0
    },
    "P": {
      "precision": 0.5203725261932479,
      "recall": 0.5359712230215827,
      "f1-score": 0.5280567040756055,
      "support": 834.0
    },
    "Q": {
      "precision": 0.6265432098765432,
      "recall": 0.48564593301435405,
      "f1-score": 0.5471698113207547,
      "support": 836.0
    },
    "R": {
      "precision": 0.34292565947242204,
      "recall": 0.17333333333333334,
      "f1-score": 0.23027375201288244,
      "support": 825.0
    },
    "S": {
      "precision": 0.7175572519083969,
      "recall": 0.22650602409638554,
      "f1-score": 0.3443223443223443,
      "support": 830.0
    },
    "T": {
      "precision": 0.450261780104712,
      "recall": 0.30677764565992865,
      "f1-score": 0.3649222065063649,
      "support": 841.0
    },
    "U": {
      "precision": 0.2838983050847458,
      "recall": 0.15857988165680473,
      "f1-score": 0.2034927866362946,
      "support": 845.0
    },
    "V": {
      "precision": 0.1475229357798165,
      "recall": 0.48086124401913877,
      "f1-score": 0.22577927548441448,
      "support": 836.0
    },
    "W": {
      "precision": 0.6909871244635193,
      "recall": 0.3865546218487395,
      "f1-score": 0.49576597382602,
      "support": 833.0
    },
    "X": {
      "precision": 0.64,
      "recall": 0.05790108564535585,
      "f1-score": 0.10619469026548672,
      "support": 829.0
    },
    "Y": {
      "precision": 0.16741741741741742,
      "recall": 0.26867469879518074,
      "f1-score": 0.2062904717853839,
      "support": 830.0
    },
    "Z": {
      "precision": 0.2853333333333333,
      "recall": 0.38535414165666265,
      "f1-score": 0.32788559754851887,
      "support": 833.0
    },
    "del": {
      "precision": 0.8921161825726142,
      "recall": 0.2609223300970874,
      "f1-score": 0.40375586854460094,
      "support": 824.0
    },
    "nothing": {
      "precision": 0.6638755980861244,
      "recall": 0.6575829383886256,
      "f1-score": 0.6607142857142857,
      "support": 844.0
    },
    "space": {
      "precision": 0.3462214411247803,
      "recall": 0.23564593301435408,
      "f1-score": 0.2804270462633452,
      "support": 836.0
    },
    "accuracy": 0.43184449958643506,
    "macro avg": {
      "precision": 0.5421214854997508,
      "recall": 0.4314493997093359,
      "f1-score": 0.4380421388270482,
      "support": 24180.0
    },
    "weighted avg": {
      "precision": 0.5417509496298373,
      "recall": 0.43184449958643506,
      "f1-score": 0.43819401846571476,
      "support": 24180.0
    }
  },