{
  "loss": [
    3.3756215572357178,
    3.3682546615600586,
    3.3682239055633545,
    3.3679988384246826,
    3.3676650524139404,
    3.3676350116729736,
    3.3821818828582764,
    3.338627338409424,
    3.2771592140197754,
    3.2107667922973633,
    3.1449215412139893,
    3.0839688777923584,
    3.03652024269104,
    2.9854612350463867,
    2.938194751739502,
    2.8959996700286865,
    2.8636746406555176,
    2.8185982704162598,
    2.7854042053222656,
    2.7470500469207764
  ],
  "accuracy": [
    0.032993800938129425,
    0.033662766218185425,
    0.03406666964292526,
    0.03387733921408653,
    0.03333459421992302,
    0.0330190472304821,
    0.03618715703487396,
    0.046537164598703384,
    0.06270589679479599,
    0.07959407567977905,
    0.09619195759296417,
    0.10871294140815735,
    0.1199212372303009,
    0.13227814435958862,
    0.14330972731113434,
    0.15401315689086914,
    0.16106882691383362,
    0.17220139503479004,
    0.1829553097486496,
    0.1915256232023239
  ],
  "val_loss": [
    3.3675453662872314,
    3.367544651031494,
    3.3675594329833984,
    3.3675615787506104,
    3.3674018383026123,
    3.3673806190490723,
    3.3486199378967285,
    3.2243735790252686,
    3.0845839977264404,
    2.918081045150757,
    2.8136141300201416,
    2.6803715229034424,
    2.5942068099975586,
    2.4379076957702637,
    2.4294023513793945,
    2.1566879749298096,
    2.0901873111724854,
    2.0134100914001465,
    2.0175344944000244,
    1.9114012718200684
  ],
  "val_accuracy": [
    0.034660033881664276,
    0.034660033881664276,
    0.034660033881664276,
    0.034660033881664276,
    0.034660033881664276,
    0.034660033881664276,
    0.06247926875948906,
    0.07931177318096161,
    0.12164179235696793,
    0.16587893664836884,
    0.1829187422990799,
    0.22657544910907745,
    0.2405887246131897,
    0.30024874210357666,
    0.30000001192092896,
    0.37160032987594604,
    0.3827528953552246,
    0.4190298616886139,
    0.40447762608528137,
    0.43279436230659485
  ]
}